,False,,,,    https://www.target.com/p/franklin-sports-pop-up-3-75-x2-75-soccer-goal-set/-/A-10021777
    wall-pops-wallpaper-stickers-45-tangier-blox,False,35.99,A-10950334,,    https://www.target.com/p/wall-pops-wallpaper-stickers-45-tangier-blox/-/A-10950334
    tovolo-groovy-popsicle-molds-set-of-6,False,11.99,A-11043792,,    https://www.target.com/p/tovolo-groovy-popsicle-molds-set-of-6/-/A-11043792
    alpha-bugs-a-pop-up-alphabet-hardcover-david-a-carter,False,11.69,A-11319191,,    https://www.target.com/p/alpha-bugs-a-pop-up-alphabet-hardcover-david-a-carter/-/A-11319191
    alice-s-adventures-in-wonderland-a-pop-up-adaptation-of-lewis-carroll-s-original-tale-hardcover,False,25.49,A-11319409,,    https://www.target.com/p/alice-s-adventures-in-wonderland-a-pop-up-adaptation-of-lewis-carroll-s-original-tale-hardcover/-/A-11319409
    halloween-bugs-a-trick-or-treat-pop-up-hardcover-david-a-carter,False,11.69,A-11319540,,    https://www.target.com/p/halloween-bugs-a-trick-or-treat-pop-up-hardcover-david-a-carter/-/A-11319540
    dinosaurs-before-dark-magic-tree-house-paperback-by-mary-pope-osborne,False,4.99,A-11340182,,    https://www.target.com/p/dinosaurs-before-dark-magic-tree-house-paperback-by-mary-pope-osborne/-/A-11340182
    pope-joan-paperback-by-donna-woolfolk-cross,False,12.00,A-11398542,,    https://www.target.com/p/pope-joan-paperback-by-donna-woolfolk-cross/-/A-11398542
    a-good-night-for-ghosts-magic-tree-house-hardcover-by-mary-pope-osborne,False,12.99,A-11553492,,    https://www.target.com/p/a-good-night-for-ghosts-magic-tree-house-hardcover-by-mary-pope-osborne/-/A-11553492
    thanksgiving-on-thursday-magic-tree-house-paperback-by-mary-pope-osborne,False,5.99,A-11578869,,    https://www.target.com/p/thanksgiving-on-thursday-magic-tree-house-paperback-by-mary-pope-osborne/-/A-11578869
    kid-who-invented-the-popsicle-and-other-surprising-stories-about-inventions-reprint-paperback-don,False,5.99,A-11719767,,    https://www.target.com/p/kid-who-invented-the-popsicle-and-other-surprising-stories-about-inventions-reprint-paperback-don/-/A-11719767
    wide-mouthed-frog-a-pop-up-book-school-and-library-keith-faulkner,False,14.24,A-11807622,,    https://www.target.com/p/wide-mouthed-frog-a-pop-up-book-school-and-library-keith-faulkner/-/A-11807622
    acid-bath-when-the-kite-string-pops-explicit-lyrics-cd,False,11.19,A-11884910,,    https://www.target.com/p/acid-bath-when-the-kite-string-pops-explicit-lyrics-cd/-/A-11884910
    mary-poppins-paperback,False,11.04,A-12067810,,    https://www.target.com/p/mary-poppins-paperback/-/A-12067810
    various-pure-swamp-pop-gold-vol-10-cd,False,14.59,A-12204712,,    https://www.target.com/p/various-pure-swamp-pop-gold-vol-10-cd/-/A-12204712
    games-and-puzzles-from-the-treehouse-magic-tree-house-paperback-by-mary-pope-osborne,False,6.99,A-12252854,,    https://www.target.com/p/games-and-puzzles-from-the-treehouse-magic-tree-house-paperback-by-mary-pope-osborne/-/A-12252854
    more-life-size-zoo-lion-hippopotamus-polar-bear-and-more-an-all-new-actual-size-animal-encyclopedia,False,17.05,A-12299959,,    https://www.target.com/p/more-life-size-zoo-lion-hippopotamus-polar-bear-and-more-an-all-new-actual-size-animal-encyclopedia/-/A-12299959
    nordic-ware-popcorn-popper,False,8.99,A-12475561,,    https://www.target.com/p/nordic-ware-popcorn-popper/-/A-12475561
    ghosts-a-nonfiction-companion-to-magic-tree-house-42-a-good-night-for-ghosts-paperback-mary-pope,False,6.99,A-12713619,,    https://www.target.com/p/ghosts-a-nonfiction-companion-to-magic-tree-house-42-a-good-night-for-ghosts-paperback-mary-pope/-/A-12713619
    dc-super-heroes-the-ultimate-pop-up-boo-hardcover-by-dc-comics-inc,False,24.50,A-12806517,,    https://www.target.com/p/dc-super-heroes-the-ultimate-pop-up-boo-hardcover-by-dc-comics-inc/-/A-12806517
    dum-dum-original-assorted-flavors-lollipops-13oz,False,3.59,A-12931362,,    https://www.target.com/p/dum-dum-original-assorted-flavors-lollipops-13oz/-/A-12931362
    juicy-drop-pop-lollipop-0-92oz,False,1.72,A-12954093,,    https://www.target.com/p/juicy-drop-pop-lollipop-0-92oz/-/A-12954093
    cake-pops-by-bakerella-hardcover-by-angie-dudley,False,12.29,A-13040476,,    https://www.target.com/p/cake-pops-by-bakerella-hardcover-by-angie-dudley/-/A-13040476
    ice-pop-joy-organic-healthy-fresh-delicious-hardcover-anni-daulter,False,16.10,A-13286177,,    https://www.target.com/p/ice-pop-joy-organic-healthy-fresh-delicious-hardcover-anni-daulter/-/A-13286177
    briannas-174-home-style-rich-poppy-seed-salad-dressing-12-fl-oz,False,2.79,A-13373290,,    https://www.target.com/p/briannas-174-home-style-rich-poppy-seed-salad-dressing-12-fl-oz/-/A-13373290
    ice-pops-paperback-shelly-kaldunski,False,13.55,A-13466959,,    https://www.target.com/p/ice-pops-paperback-shelly-kaldunski/-/A-13466959
    earth-s-best-frozen-popcorn-chicken-8oz,False,4.79,A-13492309,,    https://www.target.com/p/earth-s-best-frozen-popcorn-chicken-8oz/-/A-13492309
    wallpops-174-kolkata-kit-dots-and-blocks-room-decor,False,46.74,A-13578822,,    https://www.target.com/p/wallpops-174-kolkata-kit-dots-and-blocks-room-decor/-/A-13578822
    wallpops-174-life-is-beautiful-wall-decal,False,12.99,A-13665468,,    https://www.target.com/p/wallpops-174-life-is-beautiful-wall-decal/-/A-13665468
    iggy-pop-idiot-cd,False,8.19,A-13760683,,    https://www.target.com/p/iggy-pop-idiot-cd/-/A-13760683
    various-artists-punk-goes-pop-vol-4-explicit-lyrics-cd,False,12.99,A-13849029,,    https://www.target.com/p/various-artists-punk-goes-pop-vol-4-explicit-lyrics-cd/-/A-13849029
    jenni-rivera-joyas-prestadas-pop-version-cd,False,6.99,A-13909239,,    https://www.target.com/p/jenni-rivera-joyas-prestadas-pop-version-cd/-/A-13909239
    fisher-price-corn-popper,False,7.19,A-13921055,,    https://www.target.com/p/fisher-price-corn-popper/-/A-13921055
    cheetah-headboard-pink-homepop,False,177.09,A-14086268,,    https://www.target.com/p/cheetah-headboard-pink-homepop/-/A-14086268
    norpro-ice-pop-makers,False,11.98,A-14097596,,    https://www.target.com/p/norpro-ice-pop-makers/-/A-14097596
    cake-pops-holidays-hardcover-by-bakerella,False,14.95,A-14183797,,    https://www.target.com/p/cake-pops-holidays-hardcover-by-bakerella/-/A-14183797
    rock-rule-barbie-the-princess-the-popstar-paperback-by-mary-man-kong,False,3.99,A-14208359,,    https://www.target.com/p/rock-rule-barbie-the-princess-the-popstar-paperback-by-mary-man-kong/-/A-14208359
    shelter-logic-10-x-10-alumi-max-pop-up-canopy-white,False,459.99,A-14238234,,    https://www.target.com/p/shelter-logic-10-x-10-alumi-max-pop-up-canopy-white/-/A-14238234
    bed-head-174-curlipops-tapered-curling-iron-wand-1,False,29.99,A-14241457,,    https://www.target.com/p/bed-head-174-curlipops-tapered-curling-iron-wand-1/-/A-14241457
    jenni-rivera-joyas-prestadas-pop-version-deluxe-edition-cd-dvd,False,13.99,A-14243598,,    https://www.target.com/p/jenni-rivera-joyas-prestadas-pop-version-deluxe-edition-cd-dvd/-/A-14243598
    karaoke-party-tyme-karaoke-girl-pop-mega-pack-2-8-cd,False,58.99,A-14319142,,    https://www.target.com/p/karaoke-party-tyme-karaoke-girl-pop-mega-pack-2-8-cd/-/A-14319142
    nook-lilypad-playmat-poppy,False,120.99,A-14384244,,    https://www.target.com/p/nook-lilypad-playmat-poppy/-/A-14384244
    poolmaster-green-water-pop-deluxe-lounge,False,48.99,A-14415316,,    https://www.target.com/p/poolmaster-green-water-pop-deluxe-lounge/-/A-14415316
    popular-season-two-dvd,False,17.29,A-14442375,,    https://www.target.com/p/popular-season-two-dvd/-/A-14442375
    speck-candyshell-flip-case-for-iphone-174-5-nickel-slate-poppy,False,34.99,A-14491459,,    https://www.target.com/p/speck-candyshell-flip-case-for-iphone-174-5-nickel-slate-poppy/-/A-14491459
    12ct-kate-aspen-pop-the-top-flip-flop-bottle-opener,False,34.99,A-14519106,,    https://www.target.com/p/12ct-kate-aspen-pop-the-top-flip-flop-bottle-opener/-/A-14519106
    party-tyme-karaoke-girl-pop-vol-20,False,9.99,A-14685956,,    https://www.target.com/p/party-tyme-karaoke-girl-pop-vol-20/-/A-14685956
    all-natural-popping-corn-yellow-kernels-market-pantry-30oz-market-pantry-153,False,3.29,A-14723317,,    https://www.target.com/p/all-natural-popping-corn-yellow-kernels-market-pantry-30oz-market-pantry-153/-/A-14723317
    popcorn-trio-mix-14oz-market-pantry-153,False,3.99,A-14728621,,    https://www.target.com/p/popcorn-trio-mix-14oz-market-pantry-153/-/A-14728621
    94-fat-free-butter-microwave-popcorn-6pk-market-pantry-153,False,2.99,A-14741834,,    https://www.target.com/p/94-fat-free-butter-microwave-popcorn-6pk-market-pantry-153/-/A-14741834
    franklin-sports-pop-up-3-75-x2-75-soccer-goal-set,False,45.49,A-10021777,,    https://www.target.com/p/franklin-sports-pop-up-3-75-x2-75-soccer-goal-set/-/A-10021777
    wall-pops-wallpaper-stickers-45-tangier-blox,False,35.99,A-10950334,,    https://www.target.com/p/wall-pops-wallpaper-stickers-45-tangier-blox/-/A-10950334
    tovolo-groovy-popsicle-molds-set-of-6,False,11.99,A-11043792,,    https://www.target.com/p/tovolo-groovy-popsicle-molds-set-of-6/-/A-11043792
    alpha-bugs-a-pop-up-alphabet-hardcover-david-a-carter,False,11.69,A-11319191,,    https://www.target.com/p/alpha-bugs-a-pop-up-alphabet-hardcover-david-a-carter/-/A-11319191
    franklin-sports-pop-up-3-75-x2-75-soccer-goal-set,False,45.49,A-10021777,,    https://www.target.com/p/franklin-sports-pop-up-3-75-x2-75-soccer-goal-set/-/A-10021777
